{
    "accuracy": 0.8499583601951599,
    "loss": 0.39997944235801697
}