{
    "accuracy": 0.8513333201408386,
    "loss": 0.38633984327316284
}