{
    "accuracy": 0.9798259735107422,
    "loss": 0.06925352662801743
}