{
    "accuracy": 0.856458306312561,
    "loss": 0.38156113028526306
}