{
    "accuracy": 0.856249988079071,
    "loss": 0.38292887806892395
}