{
    "accuracy": 0.8534740805625916,
    "loss": 0.38411810994148254
}