{
    "accuracy": 0.6792473793029785,
    "loss": 0.5858824253082275
}