{
    "accuracy": 0.6844962239265442,
    "loss": 0.5810517072677612
}