{
    "accuracy": 0.8501250147819519,
    "loss": 0.3922879993915558
}