{
    "accuracy": 0.2957518696784973,
    "loss": 2.4930059909820557
}