{
    "accuracy": 0.8486250042915344,
    "loss": 0.43275967240333557
}